estados_brasileiros,idade,sexo,data,refeicao,grupo_de_alimento,alimento_especifico,quantidade_ingerida,calorias
Mato Grosso do Sul,56,Outro,2025-11-21,Cafe da manha,fibra,chia,30,60
Santa Catarina,79,Outro,2026-03-13,Jantar,acucar,refrigerante,100,400
Sao Paulo,22,F,2026-02-16,Almoco,Proteina,frango,73,292
Maranhao,55,Outro,2026-01-04,Almoco,fibra,couve,1,2
Rondonia,28,M,2026-01-22,Almoco,acucar,biscoito,38,152
Rondonia,44,M,2026-02-28,Jantar,Carboidrato,macarrao,68,272
Amapa,22,F,2025-12-19,Jantar,Carboidrato,batata,35,140
Bahia,59,Outro,2025-12-15,Cafe da manha,Carboidrato,arroz,9,36
Sao Paulo,61,Outro,2025-09-30,Almoco,Gordura,castanhas,74,666
Goias,62,Outro,2025-12-24,Jantar,Carboidrato,cuscuz,87,348
Rio Grande do Sul,69,F,2025-11-12,Jantar,fibra,chia,55,110
Sergipe,50,M,2025-11-08,Jantar,Proteina,feijao,34,136
Tocantins,31,F,2025-11-17,Lanche,acucar,biscoito,93,372
Minas Gerais,20,M,2026-01-20,Almoco,Gordura,castanhas,68,612
Amazonas,22,F,2026-02-20,Lanche,Proteina,feijao,9,36
Paraiba,26,F,2025-11-23,Cafe da manha,Carboidrato,pao,89,356
Tocantins,66,F,2025-12-14,Cafe da manha,fibra,aveia,5,10
Para,58,M,2025-12-04,Jantar,Gordura,castanhas,72,648
Minas Gerais,78,F,2026-02-23,Cafe da manha,Gordura,queijo,74,666
Rio de Janeiro,22,Outro,2026-02-26,Lanche,acucar,sorvete,87,348
Sergipe,29,Outro,2025-11-02,Lanche,Carboidrato,pao,63,252
Roraima,21,M,2026-03-13,Lanche,Gordura,abacate,92,828
Sao Paulo,22,F,2025-12-07,Jantar,fibra,brocolis,79,158
Santa Catarina,39,Outro,2026-01-05,Cafe da manha,Gordura,abacate,98,882
Piaui,71,M,2025-11-04,Jantar,Gordura,manteiga,50,450
Espirito Santo,72,F,2025-10-04,Cafe da manha,acucar,refrigerante,47,188
Rondonia,31,M,2025-11-07,Jantar,Gordura,queijo,37,333
Rio de Janeiro,68,F,2026-03-09,Cafe da manha,Carboidrato,mandioca,100,400
Ceara,51,M,2025-10-12,Lanche,Carboidrato,mandioca,42,168
Acre,44,Outro,2025-09-22,Almoco,Proteina,peixe,83,332
Pernambuco,19,F,2025-10-08,Cafe da manha,Gordura,azeite,98,882
Paraiba,43,F,2025-10-31,Cafe da manha,fibra,aveia,48,96
Acre,28,M,2026-01-07,Almoco,Gordura,abacate,70,630
Pernambuco,79,M,2025-11-04,Almoco,Gordura,abacate,19,171
Ceara,49,Outro,2025-12-08,Cafe da manha,Carboidrato,arroz,55,220
Pernambuco,66,M,2026-02-09,Almoco,fibra,linhaca,32,64
Minas Gerais,43,F,2026-02-04,Cafe da manha,Carboidrato,batata,34,136
Rio Grande do Sul,41,Outro,2025-11-29,Almoco,fibra,linhaca,2,4
Espirito Santo,28,Outro,2025-10-12,Lanche,Gordura,castanhas,19,171
Piaui,33,F,2025-11-06,Lanche,fibra,linhaca,10,20
Goias,63,Outro,2025-10-10,Jantar,Carboidrato,batata,70,280
Goias,77,M,2025-10-02,Cafe da manha,acucar,refrigerante,60,240
Tocantins,80,M,2025-12-01,Almoco,Proteina,feijao,10,40
Tocantins,43,M,2026-03-07,Almoco,Gordura,manteiga,100,900
Piaui,27,M,2025-10-10,Lanche,Gordura,azeite,84,756
Sao Paulo,19,M,2026-02-24,Jantar,Proteina,carne_bovina,64,256
Pernambuco,55,Outro,2026-02-28,Cafe da manha,fibra,chia,87,174
Minas Gerais,69,M,2025-09-21,Almoco,Carboidrato,mandioca,50,200
Rio Grande do Sul,80,M,2026-01-16,Cafe da manha,fibra,aveia,88,176
Sao Paulo,60,Outro,2025-10-22,Cafe da manha,Proteina,carne_bovina,22,88
Mato Grosso,79,M,2025-10-13,Almoco,Carboidrato,macarrao,86,344
Pernambuco,45,Outro,2026-01-09,Cafe da manha,Carboidrato,arroz,9,36
Piaui,24,F,2025-10-31,Lanche,Gordura,abacate,26,234
Maranhao,47,Outro,2026-02-18,Jantar,Carboidrato,arroz,39,156
Pernambuco,49,Outro,2025-10-16,Lanche,Proteina,lentilha,29,116
Mato Grosso,79,M,2025-11-18,Cafe da manha,acucar,refrigerante,65,260
Bahia,23,F,2025-10-17,Jantar,Proteina,ovos,95,380
Ceara,64,F,2025-09-30,Lanche,fibra,chia,52,104
Acre,74,Outro,2026-01-31,Cafe da manha,Carboidrato,pao,52,208
Sao Paulo,41,Outro,2026-02-05,Almoco,Carboidrato,macarrao,98,392
Sergipe,25,M,2025-10-22,Almoco,Gordura,manteiga,73,657
Piaui,42,F,2025-11-04,Almoco,fibra,linhaca,81,162
Tocantins,78,Outro,2026-02-23,Jantar,Gordura,manteiga,21,189
Ceara,80,F,2026-02-09,Almoco,fibra,couve,74,148
Parana,22,M,2026-02-05,Cafe da manha,acucar,sorvete,54,216
Roraima,77,M,2025-11-04,Cafe da manha,acucar,chocolate,82,328
Mato Grosso do Sul,35,Outro,2026-01-18,Jantar,Carboidrato,pao,37,148
Sao Paulo,57,Outro,2026-02-17,Jantar,acucar,biscoito,36,144
Rio Grande do Sul,42,Outro,2026-01-21,Cafe da manha,Proteina,lentilha,15,60
Amapa,70,M,2025-09-17,Jantar,Proteina,feijao,1,4
Rondonia,23,F,2025-09-29,Cafe da manha,fibra,couve,43,86
Sergipe,21,Outro,2026-03-06,Lanche,fibra,linhaca,2,4
Maranhao,35,Outro,2026-02-05,Jantar,acucar,biscoito,66,264
Sao Paulo,78,F,2026-01-09,Almoco,acucar,refrigerante,80,320
Amazonas,33,Outro,2026-03-06,Almoco,fibra,aveia,38,76
Sergipe,36,M,2025-11-19,Jantar,Carboidrato,batata,7,28
Ceara,72,M,2026-01-13,Lanche,acucar,sorvete,57,228
Amazonas,35,M,2025-11-23,Almoco,Proteina,carne_bovina,18,72
Amazonas,74,Outro,2026-02-21,Almoco,Proteina,feijao,55,220
Pernambuco,46,Outro,2026-02-12,Lanche,Gordura,abacate,47,423
Mato Grosso,74,F,2025-12-05,Almoco,acucar,chocolate,25,100
Acre,34,M,2026-02-25,Cafe da manha,acucar,sorvete,51,204
Maranhao,62,F,2026-01-07,Lanche,Carboidrato,pao,100,400
Para,38,F,2026-01-19,Jantar,Carboidrato,pao,73,292
Goias,36,F,2025-10-08,Lanche,Proteina,frango,26,104
Rio Grande do Sul,72,F,2026-02-03,Cafe da manha,Gordura,azeite,40,360
Sao Paulo,47,Outro,2025-11-20,Lanche,Carboidrato,pao,99,396
Acre,20,M,2025-11-02,Lanche,Carboidrato,mandioca,68,272
Rio de Janeiro,78,Outro,2026-01-30,Jantar,Gordura,manteiga,16,144
Rio Grande do Norte,69,M,2026-01-12,Almoco,Carboidrato,arroz,61,244
Amapa,42,F,2026-02-09,Lanche,Proteina,ovos,71,284
Parana,27,M,2025-11-11,Lanche,fibra,aveia,9,18
Para,31,M,2026-02-22,Almoco,Carboidrato,batata,41,164
Santa Catarina,42,M,2025-09-20,Lanche,Proteina,carne_bovina,75,300
Paraiba,33,F,2025-12-14,Cafe da manha,Carboidrato,mandioca,47,188
Amazonas,54,F,2025-11-10,Jantar,fibra,aveia,84,168
Piaui,77,M,2025-09-29,Almoco,Carboidrato,macarrao,80,320
Alagoas,76,Outro,2026-01-10,Lanche,acucar,sorvete,81,324
Rio Grande do Norte,26,Outro,2026-01-28,Cafe da manha,fibra,chia,20,40
Rio de Janeiro,72,F,2025-11-10,Almoco,acucar,bolo,10,40
Pernambuco,45,Outro,2026-03-11,Lanche,Proteina,carne_bovina,90,360
Distrito Federal,29,F,2025-10-05,Jantar,acucar,biscoito,3,12
Rio Grande do Norte,73,M,2025-10-26,Lanche,fibra,aveia,57,114
Maranhao,40,M,2025-12-20,Almoco,Proteina,frango,55,220
Santa Catarina,41,M,2025-12-30,Almoco,Gordura,castanhas,27,243
Acre,56,Outro,2025-12-01,Jantar,fibra,chia,57,114
Pernambuco,32,M,2025-10-09,Cafe da manha,Gordura,azeite,65,585
Mato Grosso,80,Outro,2026-01-22,Jantar,Proteina,peixe,87,348
Ceara,73,M,2026-01-31,Lanche,acucar,chocolate,59,236
Rondonia,75,F,2025-11-14,Lanche,acucar,bolo,51,204
Mato Grosso do Sul,80,Outro,2025-11-09,Jantar,acucar,bolo,15,60
Distrito Federal,31,F,2026-02-06,Almoco,fibra,brocolis,17,34
Santa Catarina,48,Outro,2025-09-26,Jantar,Proteina,ovos,34,136
Rondonia,43,F,2025-11-04,Almoco,Gordura,manteiga,60,540
Para,67,F,2025-12-21,Almoco,Proteina,ovos,4,16
Goias,21,Outro,2025-09-25,Lanche,Gordura,abacate,53,477
Rio Grande do Sul,22,Outro,2026-01-09,Cafe da manha,Proteina,frango,62,248
Goias,79,M,2025-11-02,Jantar,Proteina,carne_bovina,89,356
Piaui,54,Outro,2025-11-05,Lanche,Proteina,lentilha,71,284
Sao Paulo,28,F,2026-02-13,Jantar,fibra,brocolis,36,72
Ceara,56,Outro,2025-10-31,Jantar,Gordura,manteiga,85,765
Rio Grande do Sul,31,M,2026-02-14,Lanche,Carboidrato,cuscuz,1,4
Acre,36,M,2026-01-27,Cafe da manha,acucar,sorvete,66,264
Rio Grande do Sul,48,F,2025-10-06,Lanche,Carboidrato,macarrao,52,208
Distrito Federal,20,F,2025-11-15,Lanche,acucar,bolo,25,100
Ceara,74,F,2025-11-19,Cafe da manha,Carboidrato,macarrao,73,292
Goias,49,M,2026-02-14,Jantar,Gordura,castanhas,11,99
Para,21,M,2026-02-24,Almoco,acucar,bolo,80,320
Para,34,M,2026-01-22,Lanche,fibra,linhaca,31,62
Sergipe,64,M,2025-10-12,Lanche,Carboidrato,arroz,56,224
Amazonas,46,F,2026-02-18,Almoco,acucar,sorvete,56,224
Santa Catarina,21,F,2025-12-02,Jantar,Carboidrato,batata,38,152
Distrito Federal,42,Outro,2025-09-18,Lanche,acucar,chocolate,55,220
Rondonia,48,Outro,2025-12-30,Jantar,Gordura,castanhas,32,288
Parana,61,M,2025-10-20,Almoco,Proteina,ovos,77,308
Minas Gerais,32,F,2025-10-18,Almoco,Proteina,ovos,77,308
Piaui,60,M,2025-12-24,Lanche,fibra,couve,23,46
Minas Gerais,21,M,2025-12-12,Lanche,Carboidrato,cuscuz,57,228
Mato Grosso,71,F,2025-10-25,Jantar,Proteina,carne_bovina,54,216
Rio Grande do Sul,47,Outro,2025-10-31,Lanche,acucar,refrigerante,2,8
Mato Grosso,73,Outro,2026-01-21,Jantar,Gordura,azeite,61,549
Acre,56,F,2026-01-17,Lanche,Carboidrato,pao,76,304
Ceara,35,M,2026-02-01,Jantar,fibra,couve,49,98
Sergipe,39,Outro,2026-03-10,Lanche,Proteina,carne_bovina,80,320
Pernambuco,38,Outro,2026-01-26,Jantar,Proteina,feijao,16,64
Amazonas,63,M,2026-02-03,Jantar,acucar,refrigerante,29,116
Tocantins,56,Outro,2025-10-27,Almoco,Carboidrato,cuscuz,44,176
Alagoas,65,M,2025-11-13,Lanche,Proteina,peixe,69,276
Rondonia,32,F,2025-12-11,Almoco,Carboidrato,macarrao,97,388
Para,58,F,2025-12-15,Jantar,Carboidrato,macarrao,30,120
Ceara,38,Outro,2026-01-19,Cafe da manha,acucar,biscoito,31,124
Rio Grande do Sul,24,M,2025-11-11,Lanche,Carboidrato,cuscuz,64,256
Maranhao,19,Outro,2025-09-20,Almoco,Carboidrato,cuscuz,71,284
Ceara,36,M,2025-11-28,Cafe da manha,Gordura,manteiga,59,531
Tocantins,67,F,2025-12-11,Almoco,Carboidrato,macarrao,20,80
Roraima,42,M,2025-11-13,Almoco,fibra,brocolis,8,16
Espirito Santo,58,M,2025-11-20,Jantar,acucar,chocolate,24,96
Rio de Janeiro,45,F,2026-01-07,Jantar,Carboidrato,cuscuz,33,132
Minas Gerais,26,F,2025-12-09,Cafe da manha,Carboidrato,cuscuz,12,48
Parana,51,M,2026-01-27,Lanche,Carboidrato,mandioca,51,204
Distrito Federal,34,M,2026-02-05,Jantar,fibra,chia,22,44
Sao Paulo,21,M,2025-11-12,Almoco,Carboidrato,macarrao,34,136
Rio de Janeiro,22,Outro,2026-03-04,Almoco,Carboidrato,cuscuz,86,344
Ceara,59,F,2025-11-18,Jantar,fibra,brocolis,67,134
Sergipe,61,M,2025-12-13,Jantar,fibra,chia,70,140
Tocantins,26,M,2026-03-12,Lanche,Gordura,queijo,31,279
Bahia,59,Outro,2025-10-18,Cafe da manha,Proteina,carne_bovina,13,52
Pernambuco,76,F,2025-11-27,Jantar,fibra,brocolis,29,58
Rio Grande do Sul,49,M,2026-01-12,Cafe da manha,Proteina,frango,27,108
Amazonas,40,Outro,2026-01-22,Almoco,Gordura,azeite,92,828
Goias,44,M,2025-09-27,Lanche,acucar,chocolate,69,276
Amazonas,29,F,2025-09-23,Lanche,Gordura,manteiga,97,873
Para,38,M,2025-12-29,Cafe da manha,Gordura,azeite,56,504
Mato Grosso do Sul,27,M,2026-02-16,Almoco,acucar,biscoito,86,344
Maranhao,63,F,2026-02-10,Jantar,Carboidrato,macarrao,55,220
Piaui,30,F,2025-12-11,Lanche,Gordura,queijo,70,630
Goias,56,M,2025-09-20,Almoco,Gordura,azeite,37,333
Rondonia,24,M,2026-01-09,Cafe da manha,Gordura,queijo,22,198
Rio Grande do Sul,54,Outro,2025-11-16,Almoco,fibra,aveia,10,20
Santa Catarina,78,M,2025-12-06,Cafe da manha,Gordura,azeite,30,270
Piaui,71,F,2025-10-05,Cafe da manha,Carboidrato,cuscuz,67,268
Ceara,39,Outro,2025-10-31,Cafe da manha,Gordura,azeite,85,765
Distrito Federal,30,Outro,2026-03-12,Cafe da manha,acucar,biscoito,62,248
Maranhao,71,Outro,2025-10-22,Almoco,Proteina,feijao,20,80
Rio Grande do Sul,18,M,2025-10-31,Jantar,acucar,biscoito,72,288
Rio de Janeiro,69,M,2026-01-28,Almoco,Proteina,feijao,86,344
Distrito Federal,42,F,2026-02-19,Almoco,Gordura,azeite,58,522
Rio Grande do Norte,61,M,2025-11-30,Lanche,Gordura,castanhas,30,270
Rio Grande do Norte,40,Outro,2025-11-02,Almoco,Proteina,feijao,96,384
Rio Grande do Sul,63,M,2025-11-06,Cafe da manha,acucar,chocolate,83,332
Parana,64,Outro,2026-02-11,Lanche,acucar,bolo,70,280
Amapa,29,M,2025-11-14,Jantar,Gordura,castanhas,25,225
Acre,31,Outro,2026-01-27,Lanche,fibra,brocolis,14,28
Minas Gerais,53,F,2025-09-24,Almoco,Carboidrato,macarrao,47,188
Espirito Santo,49,M,2026-01-08,Lanche,acucar,sorvete,84,336
Para,27,F,2025-11-29,Jantar,Gordura,queijo,56,504
Alagoas,37,Outro,2025-09-23,Cafe da manha,Proteina,carne_bovina,5,20
Maranhao,20,M,2025-11-12,Almoco,Proteina,feijao,41,164
Mato Grosso do Sul,41,Outro,2026-03-03,Cafe da manha,Proteina,frango,3,12
Parana,29,F,2026-03-12,Lanche,Gordura,azeite,47,423
Mato Grosso,32,Outro,2026-01-07,Almoco,fibra,linhaca,85,170
Distrito Federal,72,F,2026-02-16,Cafe da manha,acucar,refrigerante,45,180
Mato Grosso do Sul,69,M,2026-01-26,Almoco,fibra,chia,2,4
Minas Gerais,71,M,2026-02-04,Almoco,acucar,sorvete,79,316
Rio Grande do Sul,20,F,2025-09-21,Cafe da manha,acucar,biscoito,78,312
Distrito Federal,25,M,2026-01-06,Cafe da manha,Carboidrato,cuscuz,10,40
Mato Grosso do Sul,22,Outro,2025-11-07,Cafe da manha,fibra,linhaca,94,188
Paraiba,39,M,2026-02-03,Almoco,fibra,couve,25,50
Alagoas,48,Outro,2025-11-14,Cafe da manha,Gordura,castanhas,59,531
Amazonas,53,M,2025-11-29,Jantar,fibra,chia,16,32
Amazonas,46,M,2025-11-07,Jantar,Gordura,castanhas,52,468
Piaui,80,Outro,2026-02-15,Cafe da manha,Gordura,castanhas,52,468
Bahia,18,Outro,2026-02-25,Almoco,Proteina,peixe,12,48
Goias,76,Outro,2025-12-08,Cafe da manha,Proteina,carne_bovina,53,212
Alagoas,20,Outro,2026-03-04,Cafe da manha,fibra,chia,65,130
Amazonas,54,Outro,2026-02-02,Almoco,acucar,biscoito,73,292
Distrito Federal,44,Outro,2025-12-27,Almoco,Carboidrato,mandioca,63,252
Mato Grosso do Sul,78,Outro,2025-10-12,Lanche,fibra,chia,68,136
Pernambuco,46,Outro,2026-02-07,Lanche,Carboidrato,mandioca,77,308
Piaui,76,F,2026-03-10,Cafe da manha,Gordura,azeite,89,801
Santa Catarina,34,F,2025-10-06,Cafe da manha,Proteina,lentilha,3,12
Minas Gerais,60,M,2026-03-09,Lanche,Gordura,castanhas,2,18
Para,50,F,2025-12-09,Lanche,acucar,chocolate,97,388
Distrito Federal,31,F,2025-12-11,Almoco,fibra,brocolis,43,86
Mato Grosso do Sul,45,M,2025-12-16,Lanche,Carboidrato,mandioca,4,16
Roraima,61,M,2026-02-22,Lanche,acucar,bolo,31,124
Acre,73,Outro,2026-03-01,Jantar,Carboidrato,batata,96,384
Santa Catarina,28,Outro,2025-12-12,Lanche,Proteina,ovos,40,160
Minas Gerais,45,M,2026-02-05,Jantar,Gordura,azeite,32,288
Minas Gerais,55,Outro,2026-02-26,Jantar,Carboidrato,pao,66,264
Piaui,66,F,2025-12-24,Lanche,Proteina,lentilha,67,268
Ceara,54,M,2025-10-21,Jantar,fibra,chia,38,76
Alagoas,49,Outro,2026-03-07,Lanche,Carboidrato,cuscuz,88,352
Espirito Santo,79,F,2025-10-23,Lanche,fibra,brocolis,84,168
Sergipe,34,Outro,2025-11-14,Almoco,Carboidrato,cuscuz,22,88
Mato Grosso do Sul,28,M,2026-01-02,Almoco,acucar,chocolate,38,152
Pernambuco,23,F,2026-02-08,Jantar,Carboidrato,arroz,94,376
Sao Paulo,47,F,2026-02-06,Jantar,Proteina,peixe,3,12
Tocantins,34,Outro,2025-11-26,Almoco,acucar,bolo,40,160
Bahia,77,M,2026-01-17,Lanche,Proteina,ovos,19,76
Acre,18,Outro,2025-12-13,Jantar,acucar,sorvete,51,204
Bahia,39,M,2025-10-17,Cafe da manha,Carboidrato,arroz,38,152
Rio de Janeiro,25,M,2026-01-05,Lanche,Proteina,frango,65,260
Sergipe,21,Outro,2026-02-08,Jantar,Carboidrato,arroz,57,228
Rio Grande do Sul,79,F,2025-09-29,Lanche,acucar,refrigerante,98,392
Amapa,46,Outro,2025-09-25,Cafe da manha,Proteina,feijao,39,156
Amazonas,42,F,2025-11-28,Cafe da manha,acucar,chocolate,48,192
Espirito Santo,57,Outro,2025-11-26,Lanche,acucar,sorvete,45,180
Amazonas,44,M,2025-11-01,Lanche,fibra,aveia,3,6
Mato Grosso do Sul,48,M,2025-09-26,Jantar,Carboidrato,pao,61,244
Acre,40,F,2025-12-21,Cafe da manha,Proteina,feijao,91,364
Ceara,77,M,2026-02-20,Jantar,Gordura,abacate,34,306
Bahia,53,M,2025-11-30,Almoco,Gordura,castanhas,10,90
Ceara,37,Outro,2026-03-02,Lanche,Proteina,ovos,90,360
Rio Grande do Sul,80,Outro,2025-10-18,Almoco,fibra,couve,79,158
Paraiba,48,F,2026-03-02,Almoco,fibra,chia,72,144
Para,66,M,2025-10-25,Jantar,Proteina,lentilha,21,84
Mato Grosso do Sul,44,Outro,2026-02-14,Jantar,Proteina,ovos,24,96
Espirito Santo,47,F,2025-12-09,Jantar,fibra,couve,55,110
Rio Grande do Norte,72,F,2026-02-19,Almoco,Carboidrato,arroz,4,16
Rio de Janeiro,52,F,2026-01-27,Lanche,Gordura,azeite,54,486
Espirito Santo,20,M,2025-09-23,Jantar,Carboidrato,macarrao,31,124
Sao Paulo,78,F,2026-03-08,Jantar,Proteina,ovos,32,128
Para,66,Outro,2025-10-03,Almoco,acucar,biscoito,12,48
Bahia,69,Outro,2025-09-30,Jantar,acucar,chocolate,33,132
Paraiba,52,Outro,2026-01-01,Almoco,Proteina,frango,85,340
Para,31,F,2025-10-01,Almoco,Proteina,frango,42,168
Parana,59,F,2025-11-24,Lanche,Carboidrato,batata,87,348
Rio Grande do Sul,19,F,2025-10-11,Cafe da manha,fibra,aveia,3,6
Piaui,28,F,2026-02-18,Lanche,Gordura,queijo,39,351
Espirito Santo,37,F,2025-11-17,Almoco,acucar,biscoito,27,108
Alagoas,73,F,2025-09-26,Jantar,Gordura,abacate,88,792
Tocantins,79,Outro,2025-12-24,Jantar,Carboidrato,cuscuz,18,72
Amapa,32,Outro,2026-03-09,Cafe da manha,Carboidrato,macarrao,50,200
Rio Grande do Sul,59,F,2026-01-04,Lanche,Proteina,lentilha,64,256
Alagoas,69,Outro,2025-11-04,Jantar,Carboidrato,cuscuz,52,208
Amapa,21,F,2025-11-16,Cafe da manha,Carboidrato,cuscuz,91,364
Pernambuco,78,F,2025-12-19,Lanche,Proteina,peixe,36,144
Amapa,61,F,2026-02-26,Jantar,Proteina,lentilha,99,396
Rondonia,52,M,2026-03-03,Lanche,fibra,aveia,94,188
Rondonia,73,Outro,2026-02-12,Cafe da manha,acucar,bolo,100,400
Minas Gerais,66,M,2025-09-19,Jantar,Carboidrato,macarrao,8,32
Acre,73,Outro,2025-11-01,Almoco,Gordura,manteiga,16,144
Distrito Federal,58,F,2026-01-17,Cafe da manha,Carboidrato,batata,77,308
Roraima,39,Outro,2026-02-16,Lanche,acucar,chocolate,0,0
Mato Grosso,24,Outro,2026-02-20,Jantar,acucar,refrigerante,6,24
Acre,33,M,2026-02-05,Almoco,Carboidrato,pao,27,108
Paraiba,60,F,2025-11-25,Lanche,Carboidrato,mandioca,32,128
Pernambuco,24,F,2026-03-07,Lanche,Carboidrato,batata,79,316
Amapa,35,F,2026-03-09,Jantar,acucar,chocolate,36,144
Mato Grosso,26,F,2025-12-27,Almoco,fibra,brocolis,59,118
Minas Gerais,53,M,2026-01-13,Almoco,Gordura,queijo,96,864
Tocantins,34,Outro,2025-12-18,Jantar,acucar,sorvete,67,268
Sao Paulo,59,M,2025-09-23,Cafe da manha,Carboidrato,arroz,34,136
Bahia,56,Outro,2025-11-12,Lanche,fibra,linhaca,80,160
Roraima,50,F,2025-10-08,Lanche,Carboidrato,cuscuz,48,192
Amapa,29,F,2025-11-16,Jantar,acucar,bolo,64,256
Rio Grande do Norte,70,M,2026-01-30,Lanche,fibra,brocolis,23,46
Sao Paulo,51,M,2025-10-10,Lanche,fibra,linhaca,10,20
Minas Gerais,58,M,2025-12-04,Lanche,fibra,couve,89,178
Espirito Santo,33,M,2025-10-17,Cafe da manha,fibra,couve,62,124
Tocantins,45,F,2025-10-23,Lanche,fibra,couve,24,48
Mato Grosso,21,F,2026-01-28,Almoco,Carboidrato,macarrao,64,256
Pernambuco,26,Outro,2025-09-18,Almoco,acucar,sorvete,8,32
Amazonas,54,F,2025-11-26,Jantar,Proteina,peixe,0,0
Paraiba,28,M,2026-02-06,Cafe da manha,fibra,couve,59,118
Alagoas,75,F,2025-10-31,Lanche,Gordura,azeite,43,387
Paraiba,39,Outro,2025-12-12,Cafe da manha,fibra,chia,37,74
Paraiba,76,M,2025-11-25,Lanche,Proteina,feijao,56,224
Para,78,M,2025-12-30,Cafe da manha,Proteina,peixe,50,200
Goias,36,F,2025-10-21,Almoco,acucar,biscoito,40,160
Acre,55,Outro,2025-11-25,Lanche,Proteina,carne_bovina,20,80
Ceara,66,M,2025-12-15,Jantar,Gordura,azeite,17,153
Sergipe,53,F,2026-02-24,Almoco,Gordura,castanhas,65,585
Rio de Janeiro,25,F,2026-03-09,Almoco,fibra,brocolis,76,152
Para,39,M,2026-01-30,Jantar,Gordura,queijo,52,468
Rio Grande do Norte,66,M,2025-10-21,Cafe da manha,acucar,chocolate,47,188
Rondonia,18,M,2026-02-27,Cafe da manha,fibra,aveia,3,6
Santa Catarina,36,F,2025-12-24,Cafe da manha,Proteina,ovos,34,136
Piaui,53,Outro,2025-11-15,Lanche,Proteina,ovos,60,240
Paraiba,77,M,2026-02-16,Cafe da manha,fibra,aveia,42,84
Acre,41,M,2025-12-22,Cafe da manha,Gordura,queijo,51,459
Bahia,19,M,2026-01-03,Jantar,fibra,aveia,25,50
Tocantins,44,Outro,2025-10-24,Lanche,acucar,biscoito,71,284
Piaui,67,F,2025-11-03,Almoco,fibra,aveia,46,92
Para,68,F,2025-10-28,Cafe da manha,Carboidrato,mandioca,7,28
Paraiba,55,Outro,2025-10-20,Jantar,Gordura,azeite,39,351
Tocantins,30,M,2025-10-22,Jantar,fibra,linhaca,25,50
Bahia,58,F,2026-01-31,Lanche,acucar,biscoito,63,252
Goias,29,Outro,2026-01-12,Lanche,fibra,linhaca,68,136
Rio de Janeiro,35,F,2025-12-27,Almoco,Carboidrato,arroz,86,344
Sao Paulo,77,F,2026-03-08,Cafe da manha,Gordura,queijo,69,621
Sergipe,36,M,2025-10-13,Jantar,acucar,bolo,10,40
Santa Catarina,36,M,2025-10-02,Almoco,Gordura,manteiga,70,630
Minas Gerais,64,F,2025-11-19,Jantar,Carboidrato,arroz,30,120
Acre,23,M,2025-12-29,Lanche,fibra,chia,52,104
Rondonia,54,M,2025-12-19,Cafe da manha,acucar,refrigerante,22,88
Mato Grosso do Sul,45,F,2025-09-28,Lanche,Gordura,castanhas,97,873
Distrito Federal,33,M,2026-03-14,Almoco,Proteina,carne_bovina,47,188
Minas Gerais,71,M,2025-12-16,Lanche,Gordura,azeite,72,648
Minas Gerais,69,Outro,2025-09-21,Lanche,Gordura,abacate,77,693
Acre,33,Outro,2026-01-02,Cafe da manha,Gordura,abacate,83,747
Rio de Janeiro,78,Outro,2026-01-18,Cafe da manha,fibra,linhaca,34,68
Sao Paulo,65,F,2025-10-15,Jantar,fibra,brocolis,25,50
Rio Grande do Norte,23,Outro,2025-12-28,Almoco,fibra,brocolis,21,42
Acre,51,M,2025-10-28,Lanche,Carboidrato,mandioca,92,368
Amazonas,19,F,2025-11-17,Almoco,Proteina,carne_bovina,72,288
Piaui,20,F,2026-01-29,Lanche,fibra,couve,2,4
Rondonia,33,F,2026-03-06,Lanche,acucar,bolo,90,360
Rondonia,80,M,2026-02-22,Cafe da manha,Proteina,frango,62,248
Goias,31,Outro,2025-11-13,Lanche,acucar,bolo,40,160
Alagoas,69,Outro,2025-12-23,Lanche,Carboidrato,batata,9,36
Distrito Federal,55,M,2026-03-11,Cafe da manha,Gordura,azeite,3,27
Rio Grande do Norte,18,F,2025-12-25,Almoco,fibra,linhaca,24,48
Tocantins,20,Outro,2025-11-21,Cafe da manha,acucar,chocolate,14,56
Maranhao,66,Outro,2026-02-09,Almoco,acucar,biscoito,83,332
Para,40,M,2026-02-19,Cafe da manha,Gordura,queijo,58,522
Para,72,F,2025-12-24,Almoco,acucar,refrigerante,85,340
Mato Grosso do Sul,25,M,2025-09-29,Lanche,Proteina,frango,76,304
Bahia,24,F,2025-10-18,Cafe da manha,fibra,aveia,82,164
Piaui,55,M,2025-09-26,Jantar,Gordura,abacate,33,297
Espirito Santo,20,Outro,2025-09-21,Lanche,acucar,refrigerante,88,352
Acre,24,F,2026-02-17,Lanche,fibra,couve,51,102
Rio de Janeiro,33,F,2025-11-21,Almoco,Gordura,queijo,42,378
Rondonia,18,M,2026-02-27,Cafe da manha,Gordura,queijo,8,72
Acre,59,M,2025-12-20,Jantar,Proteina,frango,25,100
Acre,78,M,2025-10-30,Cafe da manha,Proteina,peixe,72,288
Rondonia,23,Outro,2025-12-20,Cafe da manha,acucar,refrigerante,16,64
Ceara,41,M,2025-12-14,Jantar,acucar,refrigerante,31,124
Roraima,44,F,2026-02-19,Jantar,Proteina,ovos,45,180
Tocantins,23,Outro,2026-03-04,Lanche,Gordura,castanhas,30,270
Amazonas,52,Outro,2025-10-11,Jantar,fibra,couve,61,122
Mato Grosso do Sul,77,M,2026-03-08,Jantar,Proteina,carne_bovina,62,248
Piaui,59,F,2026-01-29,Almoco,Proteina,carne_bovina,79,316
Sergipe,20,Outro,2025-11-25,Jantar,Gordura,manteiga,18,162
Mato Grosso,25,F,2025-11-09,Jantar,Carboidrato,arroz,59,236
Ceara,50,F,2025-10-16,Jantar,Gordura,abacate,1,9
Santa Catarina,40,Outro,2026-01-21,Cafe da manha,Gordura,manteiga,73,657
Minas Gerais,38,M,2026-01-11,Cafe da manha,Gordura,castanhas,58,522
Rio Grande do Sul,35,Outro,2025-09-29,Lanche,fibra,brocolis,8,16
Espirito Santo,58,Outro,2025-12-13,Jantar,Carboidrato,pao,28,112
Maranhao,74,F,2025-10-03,Lanche,acucar,refrigerante,11,44
Minas Gerais,48,M,2026-01-13,Lanche,acucar,biscoito,65,260
Paraiba,49,Outro,2025-10-09,Cafe da manha,Proteina,peixe,35,140
Espirito Santo,73,Outro,2025-09-20,Cafe da manha,Gordura,abacate,23,207
Santa Catarina,65,M,2026-01-05,Cafe da manha,Carboidrato,cuscuz,23,92
Sergipe,38,M,2025-11-24,Almoco,Carboidrato,cuscuz,54,216
Alagoas,59,Outro,2026-02-16,Jantar,Proteina,lentilha,91,364
Santa Catarina,53,Outro,2025-10-06,Almoco,Carboidrato,mandioca,87,348
Espirito Santo,50,F,2025-11-14,Jantar,Carboidrato,pao,1,4
Mato Grosso,75,Outro,2025-12-10,Jantar,fibra,aveia,38,76
Amapa,59,M,2025-10-21,Almoco,Gordura,manteiga,13,117
Acre,57,Outro,2025-10-17,Jantar,Proteina,lentilha,17,68
Amazonas,58,F,2026-02-13,Cafe da manha,Gordura,manteiga,93,837
Roraima,73,Outro,2025-11-17,Almoco,fibra,aveia,48,96
Maranhao,38,M,2026-01-02,Jantar,Gordura,abacate,36,324
Sergipe,35,F,2025-11-27,Lanche,Gordura,manteiga,97,873
Mato Grosso do Sul,32,Outro,2025-11-16,Cafe da manha,Gordura,abacate,42,378
Parana,30,F,2026-01-16,Jantar,Proteina,frango,37,148
Amazonas,65,M,2026-02-19,Lanche,Carboidrato,pao,53,212
Rio Grande do Sul,60,F,2025-12-21,Cafe da manha,fibra,brocolis,73,146
Pernambuco,48,M,2025-10-25,Lanche,Gordura,manteiga,52,468
Mato Grosso do Sul,39,Outro,2025-12-02,Almoco,Proteina,lentilha,42,168
Ceara,29,F,2026-03-04,Lanche,Gordura,abacate,10,90
Ceara,55,Outro,2025-12-14,Cafe da manha,Gordura,manteiga,25,225
Roraima,40,M,2025-11-25,Cafe da manha,Proteina,carne_bovina,56,224
Roraima,24,Outro,2025-09-23,Lanche,Proteina,peixe,72,288
Paraiba,44,M,2026-02-17,Jantar,Proteina,peixe,69,276
Mato Grosso do Sul,40,F,2025-09-18,Lanche,fibra,brocolis,3,6
Minas Gerais,44,Outro,2025-10-09,Cafe da manha,Carboidrato,arroz,38,152
Espirito Santo,54,Outro,2026-02-28,Jantar,Gordura,manteiga,43,387
Tocantins,50,M,2026-01-25,Cafe da manha,Proteina,ovos,64,256
Santa Catarina,49,F,2026-01-09,Lanche,acucar,bolo,79,316
Pernambuco,34,Outro,2026-01-19,Lanche,Gordura,castanhas,53,477
Rio Grande do Norte,46,Outro,2026-03-05,Cafe da manha,fibra,aveia,86,172
Santa Catarina,38,F,2025-12-14,Jantar,Gordura,manteiga,10,90
Rio Grande do Norte,47,F,2025-11-21,Jantar,fibra,brocolis,69,138
Alagoas,75,F,2025-11-07,Cafe da manha,Gordura,manteiga,66,594
Parana,29,Outro,2026-01-30,Lanche,fibra,brocolis,61,122
Maranhao,22,Outro,2025-12-30,Lanche,Proteina,feijao,30,120
Rondonia,80,F,2025-10-19,Cafe da manha,Proteina,feijao,8,32
Tocantins,75,Outro,2025-09-16,Lanche,fibra,aveia,26,52
Maranhao,39,M,2026-03-09,Cafe da manha,Carboidrato,cuscuz,97,388
Paraiba,33,Outro,2026-02-28,Lanche,fibra,brocolis,63,126
Santa Catarina,43,Outro,2026-02-02,Lanche,fibra,couve,87,174
Minas Gerais,31,M,2025-11-11,Cafe da manha,Gordura,castanhas,21,189
Mato Grosso,50,M,2025-11-10,Jantar,Carboidrato,batata,68,272
Alagoas,80,F,2025-11-11,Cafe da manha,acucar,chocolate,44,176
Amapa,26,F,2025-10-08,Jantar,fibra,chia,48,96
Goias,66,M,2026-03-01,Jantar,acucar,chocolate,62,248
Sergipe,25,M,2025-12-01,Almoco,acucar,bolo,75,300
Amapa,76,M,2025-10-23,Cafe da manha,acucar,chocolate,54,216
Roraima,38,M,2025-10-23,Almoco,acucar,sorvete,44,176
Rio de Janeiro,65,Outro,2025-11-03,Cafe da manha,acucar,sorvete,50,200
Maranhao,77,M,2026-01-17,Lanche,Gordura,azeite,49,441
Rio Grande do Sul,42,Outro,2026-01-11,Cafe da manha,Gordura,manteiga,91,819
Ceara,35,M,2026-01-31,Cafe da manha,Gordura,abacate,88,792
Sao Paulo,18,M,2025-10-15,Jantar,fibra,chia,1,2
Mato Grosso,19,M,2025-10-02,Lanche,Proteina,ovos,28,112
Parana,34,M,2025-10-26,Almoco,fibra,linhaca,44,88
Pernambuco,66,F,2026-01-22,Jantar,Carboidrato,mandioca,2,8
Mato Grosso do Sul,46,F,2025-11-19,Cafe da manha,fibra,aveia,86,172
Maranhao,29,F,2025-11-30,Jantar,Proteina,peixe,39,156
Roraima,28,Outro,2025-10-20,Lanche,Proteina,peixe,5,20
Parana,19,F,2025-11-20,Cafe da manha,Gordura,castanhas,53,477
Rondonia,80,Outro,2026-01-21,Jantar,fibra,linhaca,7,14
Amapa,25,Outro,2025-12-25,Cafe da manha,Gordura,queijo,97,873
Mato Grosso,61,M,2025-11-27,Lanche,Proteina,ovos,59,236
Sergipe,56,Outro,2025-12-20,Lanche,Gordura,manteiga,42,378
Sao Paulo,59,M,2026-02-23,Cafe da manha,Carboidrato,arroz,36,144
Minas Gerais,51,F,2025-12-11,Almoco,Proteina,peixe,56,224
Sergipe,63,Outro,2026-01-03,Lanche,acucar,refrigerante,14,56
Minas Gerais,67,F,2026-03-04,Lanche,Carboidrato,macarrao,73,292
Roraima,47,M,2026-03-08,Lanche,Proteina,frango,51,204
Goias,49,Outro,2026-01-04,Lanche,Gordura,queijo,87,783
Rondonia,49,Outro,2025-11-20,Jantar,fibra,linhaca,53,106
Rio Grande do Norte,61,F,2026-03-06,Lanche,Gordura,abacate,82,738
Amazonas,37,Outro,2025-12-16,Cafe da manha,fibra,aveia,81,162
Acre,58,F,2025-12-10,Almoco,fibra,aveia,84,168
Distrito Federal,76,M,2025-09-26,Jantar,acucar,chocolate,99,396
Amazonas,48,Outro,2026-01-05,Almoco,fibra,chia,20,40
Bahia,63,Outro,2025-09-21,Jantar,Gordura,abacate,54,486
Sergipe,23,M,2026-01-07,Cafe da manha,acucar,chocolate,39,156
Piaui,27,F,2025-10-02,Jantar,acucar,sorvete,86,344
Mato Grosso do Sul,48,F,2026-01-08,Lanche,fibra,brocolis,76,152
Sergipe,26,F,2026-02-06,Jantar,Proteina,frango,23,92
Rio Grande do Norte,65,F,2025-12-16,Lanche,acucar,sorvete,38,152
Rio Grande do Norte,45,M,2026-01-07,Lanche,Carboidrato,mandioca,36,144
Amazonas,58,Outro,2026-03-02,Lanche,Proteina,frango,13,52
Goias,34,F,2025-11-22,Jantar,acucar,refrigerante,10,40
Bahia,46,Outro,2025-12-18,Almoco,fibra,brocolis,94,188
Paraiba,52,F,2025-11-18,Lanche,Carboidrato,mandioca,77,308
Goias,19,F,2026-02-24,Jantar,Carboidrato,macarrao,11,44
Minas Gerais,35,F,2025-11-29,Almoco,acucar,refrigerante,72,288
Sergipe,49,F,2025-09-18,Cafe da manha,Gordura,abacate,94,846
Bahia,43,M,2026-01-17,Cafe da manha,Carboidrato,macarrao,63,252
Pernambuco,22,F,2025-10-21,Lanche,Gordura,manteiga,61,549
Roraima,29,F,2025-12-08,Cafe da manha,fibra,aveia,2,4
Pernambuco,67,M,2026-02-11,Lanche,Carboidrato,pao,12,48
Mato Grosso,59,Outro,2026-02-16,Jantar,Carboidrato,batata,14,56
Mato Grosso do Sul,21,M,2025-10-27,Cafe da manha,Gordura,azeite,41,369
Rio Grande do Norte,55,M,2026-01-07,Jantar,fibra,aveia,65,130
Tocantins,58,M,2025-12-17,Almoco,Gordura,castanhas,3,27
Espirito Santo,51,Outro,2025-12-05,Cafe da manha,Carboidrato,mandioca,65,260
Goias,18,M,2026-02-14,Lanche,acucar,sorvete,5,20
Parana,39,Outro,2025-10-07,Jantar,acucar,bolo,92,368
Maranhao,66,F,2025-12-01,Jantar,Gordura,manteiga,27,243
Mato Grosso do Sul,25,F,2025-10-04,Lanche,Carboidrato,macarrao,71,284
Piaui,74,F,2025-12-18,Jantar,acucar,biscoito,65,260
Sao Paulo,74,M,2026-02-12,Lanche,fibra,aveia,63,126
Bahia,41,M,2025-12-06,Lanche,Gordura,azeite,10,90
Sergipe,44,M,2026-03-13,Jantar,fibra,brocolis,54,108
Amazonas,69,M,2025-12-30,Almoco,fibra,linhaca,66,132
Piaui,29,F,2025-10-01,Almoco,Proteina,peixe,8,32
Amapa,30,M,2025-09-28,Almoco,Carboidrato,mandioca,59,236
Espirito Santo,69,F,2025-12-18,Cafe da manha,fibra,couve,82,164
Minas Gerais,43,Outro,2025-12-21,Lanche,acucar,biscoito,70,280
Maranhao,21,M,2026-02-11,Almoco,Gordura,azeite,17,153
Parana,41,F,2025-11-25,Cafe da manha,Proteina,ovos,23,92
Minas Gerais,40,M,2026-02-24,Jantar,acucar,bolo,67,268
Goias,39,F,2025-10-16,Lanche,acucar,refrigerante,55,220
Santa Catarina,79,F,2026-02-23,Jantar,fibra,linhaca,80,160
Santa Catarina,52,Outro,2025-10-17,Cafe da manha,fibra,chia,80,160
Goias,20,Outro,2026-01-05,Lanche,Proteina,ovos,9,36
Roraima,29,F,2025-11-23,Cafe da manha,Carboidrato,batata,45,180
Parana,26,Outro,2025-11-06,Cafe da manha,Proteina,feijao,72,288
Piaui,50,F,2026-01-02,Cafe da manha,acucar,sorvete,23,92
Alagoas,20,F,2025-11-05,Almoco,Gordura,castanhas,91,819
Sao Paulo,24,M,2025-12-15,Jantar,fibra,linhaca,90,180
Amazonas,32,M,2025-10-12,Jantar,acucar,sorvete,67,268
Distrito Federal,24,F,2026-02-24,Lanche,fibra,brocolis,50,100
Santa Catarina,26,Outro,2026-02-09,Almoco,Carboidrato,arroz,65,260
Mato Grosso,30,M,2025-09-30,Lanche,Gordura,abacate,25,225
Sao Paulo,50,Outro,2025-10-16,Cafe da manha,Gordura,castanhas,62,558
Rio Grande do Sul,76,F,2025-11-15,Almoco,acucar,biscoito,27,108
Rio Grande do Norte,45,Outro,2026-02-16,Jantar,Gordura,manteiga,12,108
Rio Grande do Norte,74,F,2026-02-23,Lanche,fibra,chia,32,64
Rondonia,64,Outro,2026-01-31,Lanche,acucar,refrigerante,84,336
Rondonia,25,F,2025-10-25,Almoco,fibra,couve,1,2
Para,54,Outro,2026-02-28,Jantar,Proteina,ovos,65,260
Rondonia,38,Outro,2026-01-14,Lanche,Gordura,manteiga,57,513
Mato Grosso do Sul,71,M,2025-09-27,Jantar,Gordura,azeite,80,720
Minas Gerais,19,M,2025-10-29,Lanche,fibra,linhaca,57,114
Amapa,39,F,2025-12-07,Jantar,Gordura,queijo,83,747
Rio Grande do Norte,70,Outro,2025-12-05,Lanche,fibra,chia,75,150
Santa Catarina,45,Outro,2025-12-23,Cafe da manha,Gordura,abacate,38,342
Sao Paulo,79,Outro,2025-12-01,Lanche,acucar,refrigerante,76,304
Roraima,42,F,2025-11-20,Almoco,Gordura,manteiga,43,387
Espirito Santo,54,M,2026-02-27,Lanche,Proteina,peixe,70,280
Espirito Santo,69,F,2025-10-10,Lanche,fibra,aveia,84,168
Piaui,30,Outro,2025-10-01,Jantar,Proteina,lentilha,46,184
Minas Gerais,68,F,2025-11-28,Cafe da manha,acucar,biscoito,11,44
Sao Paulo,49,Outro,2025-10-27,Cafe da manha,Carboidrato,cuscuz,68,272
Espirito Santo,42,M,2026-02-25,Almoco,Gordura,castanhas,28,252
Sao Paulo,61,M,2026-02-13,Jantar,Gordura,queijo,62,558
Ceara,40,M,2025-11-26,Almoco,Carboidrato,batata,73,292
Amazonas,40,Outro,2025-10-31,Almoco,acucar,chocolate,80,320
Rondonia,35,Outro,2025-09-20,Cafe da manha,acucar,sorvete,67,268
Acre,65,F,2026-02-24,Jantar,Proteina,feijao,52,208
Sao Paulo,62,M,2025-11-05,Cafe da manha,Gordura,manteiga,78,702
Rio de Janeiro,65,F,2025-11-24,Cafe da manha,Proteina,frango,29,116
Alagoas,71,M,2025-09-26,Lanche,acucar,sorvete,87,348
Sergipe,44,Outro,2025-11-12,Cafe da manha,acucar,sorvete,32,128
Minas Gerais,19,F,2025-11-26,Cafe da manha,Gordura,queijo,77,693
Goias,32,Outro,2025-11-26,Almoco,acucar,biscoito,1,4
Rio Grande do Norte,54,M,2026-01-14,Lanche,fibra,linhaca,57,114
Acre,26,Outro,2025-10-23,Lanche,Gordura,queijo,67,603
Rio Grande do Sul,59,Outro,2026-03-02,Lanche,Proteina,ovos,59,236
Alagoas,40,M,2026-02-04,Jantar,Proteina,frango,40,160
Amapa,60,M,2025-10-10,Almoco,Gordura,abacate,56,504
Santa Catarina,64,M,2025-09-27,Almoco,Gordura,azeite,28,252
Ceara,61,Outro,2025-09-19,Almoco,Proteina,ovos,32,128
Rondonia,78,F,2025-12-19,Almoco,fibra,aveia,93,186
Para,76,M,2026-01-26,Jantar,Carboidrato,macarrao,40,160
Mato Grosso,71,F,2026-01-14,Lanche,acucar,chocolate,42,168
Amazonas,32,M,2026-02-11,Almoco,acucar,chocolate,83,332
Distrito Federal,51,M,2026-01-17,Jantar,fibra,linhaca,7,14
Distrito Federal,70,Outro,2025-12-30,Cafe da manha,acucar,biscoito,80,320
Distrito Federal,70,M,2025-12-15,Almoco,acucar,sorvete,63,252
Rio Grande do Norte,64,F,2026-03-06,Jantar,Carboidrato,pao,55,220
Distrito Federal,51,F,2025-10-11,Lanche,Proteina,feijao,0,0
Mato Grosso do Sul,70,Outro,2026-01-15,Jantar,acucar,chocolate,58,232
Mato Grosso do Sul,52,Outro,2025-10-10,Cafe da manha,Gordura,azeite,58,522
Acre,52,M,2025-11-28,Almoco,acucar,biscoito,73,292
Espirito Santo,36,F,2026-02-19,Cafe da manha,fibra,linhaca,88,176
Bahia,65,F,2026-01-07,Lanche,acucar,refrigerante,4,16
Mato Grosso do Sul,39,M,2026-02-09,Almoco,fibra,linhaca,100,200
Rio de Janeiro,28,F,2025-11-18,Cafe da manha,Gordura,queijo,39,351
Sergipe,49,F,2025-11-25,Jantar,Gordura,castanhas,81,729
Rio Grande do Sul,80,M,2025-12-16,Almoco,Gordura,manteiga,86,774
Rio de Janeiro,61,M,2025-12-19,Jantar,acucar,bolo,35,140
Tocantins,28,M,2025-11-21,Jantar,acucar,chocolate,46,184
Rondonia,23,F,2025-10-18,Lanche,Carboidrato,pao,18,72
Minas Gerais,54,F,2026-03-04,Jantar,Proteina,feijao,36,144
Sergipe,50,M,2026-01-10,Cafe da manha,acucar,refrigerante,88,352
Rio Grande do Norte,20,M,2025-12-08,Lanche,Proteina,feijao,66,264
Distrito Federal,50,F,2025-11-25,Lanche,Proteina,ovos,41,164
Para,79,F,2025-11-02,Almoco,Carboidrato,cuscuz,64,256
Rio de Janeiro,70,M,2026-03-08,Lanche,Proteina,ovos,8,32
Mato Grosso do Sul,25,Outro,2025-12-21,Jantar,Carboidrato,macarrao,94,376
Parana,46,Outro,2026-03-11,Lanche,acucar,sorvete,60,240
Bahia,36,F,2026-01-27,Lanche,fibra,aveia,90,180
Distrito Federal,26,F,2026-01-04,Almoco,Carboidrato,pao,44,176
Sergipe,47,M,2025-11-20,Jantar,Proteina,ovos,95,380
Amazonas,66,Outro,2026-03-03,Cafe da manha,fibra,brocolis,36,72
Para,43,M,2025-09-20,Lanche,acucar,biscoito,29,116
Acre,24,Outro,2026-01-20,Almoco,acucar,refrigerante,27,108
Goias,50,Outro,2026-02-12,Cafe da manha,fibra,couve,88,176
Sergipe,24,Outro,2025-11-07,Lanche,Proteina,ovos,75,300
Acre,67,Outro,2025-10-22,Almoco,Gordura,abacate,17,153
Paraiba,53,F,2026-01-04,Lanche,fibra,linhaca,72,144
Roraima,63,Outro,2025-09-22,Almoco,acucar,sorvete,32,128
Minas Gerais,75,Outro,2025-12-26,Jantar,Carboidrato,arroz,35,140
Rio Grande do Sul,23,Outro,2026-02-27,Almoco,Gordura,castanhas,87,783
Mato Grosso,60,Outro,2026-01-05,Cafe da manha,fibra,aveia,47,94
Bahia,28,F,2025-10-19,Almoco,fibra,linhaca,72,144
Roraima,56,F,2025-12-12,Cafe da manha,acucar,bolo,25,100
Amapa,43,F,2025-10-18,Jantar,Gordura,abacate,46,414
Bahia,64,Outro,2026-03-01,Almoco,Proteina,carne_bovina,14,56
Amapa,28,M,2026-01-24,Jantar,Gordura,queijo,0,0
Mato Grosso do Sul,46,F,2026-02-28,Jantar,Proteina,frango,0,0
Paraiba,52,M,2025-11-28,Cafe da manha,acucar,refrigerante,60,240
Mato Grosso do Sul,34,M,2025-10-05,Almoco,Proteina,ovos,55,220
Mato Grosso,51,F,2025-11-29,Lanche,acucar,refrigerante,27,108
Ceara,73,Outro,2025-10-22,Almoco,Gordura,azeite,40,360
Rondonia,76,F,2025-10-15,Almoco,Gordura,castanhas,85,765
Parana,51,Outro,2026-01-29,Jantar,Proteina,lentilha,34,136
Piaui,35,F,2025-12-06,Almoco,fibra,chia,5,10
Tocantins,52,F,2026-03-12,Jantar,Gordura,azeite,28,252
Pernambuco,59,F,2026-01-18,Lanche,acucar,chocolate,17,68
Tocantins,30,Outro,2025-12-06,Almoco,acucar,refrigerante,72,288
Piaui,41,F,2025-10-31,Cafe da manha,Carboidrato,mandioca,22,88
Parana,40,M,2026-02-08,Cafe da manha,fibra,brocolis,42,84
Rondonia,34,Outro,2025-10-08,Lanche,Proteina,carne_bovina,68,272
Parana,73,M,2026-02-19,Cafe da manha,acucar,sorvete,47,188
Mato Grosso do Sul,54,F,2026-01-23,Jantar,Proteina,peixe,41,164
Minas Gerais,74,Outro,2025-12-24,Jantar,Carboidrato,mandioca,99,396
Roraima,42,M,2026-01-24,Almoco,Proteina,frango,28,112
Pernambuco,54,M,2026-02-04,Cafe da manha,Carboidrato,macarrao,85,340
Parana,59,M,2026-01-11,Almoco,fibra,chia,71,142
Para,57,Outro,2026-02-16,Cafe da manha,acucar,chocolate,1,4
Amapa,80,F,2026-01-30,Lanche,Carboidrato,mandioca,51,204
Bahia,76,F,2025-10-30,Cafe da manha,Gordura,castanhas,97,873
Sergipe,61,Outro,2025-11-27,Jantar,acucar,refrigerante,22,88
Paraiba,50,F,2025-12-05,Lanche,Gordura,manteiga,90,810
Espirito Santo,29,M,2025-11-20,Cafe da manha,acucar,refrigerante,26,104
Santa Catarina,20,F,2025-09-24,Jantar,Proteina,feijao,60,240
Amapa,36,Outro,2025-09-26,Jantar,Gordura,manteiga,2,18
Roraima,26,Outro,2026-01-31,Lanche,fibra,aveia,80,160
Parana,56,M,2025-11-14,Almoco,acucar,bolo,14,56
Goias,78,M,2026-02-14,Almoco,Proteina,frango,8,32
Bahia,74,F,2025-11-01,Lanche,fibra,chia,78,156
Rio Grande do Norte,18,M,2025-12-13,Cafe da manha,acucar,sorvete,9,36
Rio de Janeiro,73,Outro,2025-10-10,Cafe da manha,fibra,chia,1,2
Rio Grande do Norte,63,M,2026-01-07,Jantar,Proteina,feijao,97,388
Roraima,35,Outro,2025-12-19,Lanche,Gordura,manteiga,71,639
Alagoas,26,Outro,2025-12-26,Almoco,Proteina,carne_bovina,98,392
Santa Catarina,79,F,2025-10-17,Almoco,acucar,sorvete,53,212
Para,24,Outro,2025-10-08,Jantar,Carboidrato,cuscuz,98,392
Goias,43,M,2025-12-27,Lanche,acucar,refrigerante,56,224
Rio de Janeiro,79,Outro,2025-12-27,Lanche,fibra,aveia,28,56
Espirito Santo,19,F,2026-01-02,Jantar,acucar,refrigerante,58,232
Rio Grande do Norte,40,M,2025-12-15,Lanche,fibra,linhaca,80,160
Bahia,67,F,2026-01-06,Lanche,acucar,biscoito,84,336
Tocantins,79,M,2025-12-16,Cafe da manha,Proteina,frango,56,224
Sergipe,56,M,2025-11-16,Cafe da manha,acucar,biscoito,68,272
Minas Gerais,25,M,2025-09-21,Jantar,Carboidrato,macarrao,52,208
Paraiba,27,M,2025-11-10,Almoco,Proteina,ovos,27,108
Minas Gerais,57,F,2026-02-28,Almoco,fibra,couve,27,54
Santa Catarina,62,Outro,2025-10-21,Lanche,acucar,biscoito,35,140
Rio de Janeiro,31,F,2026-02-16,Lanche,fibra,brocolis,47,94
Ceara,34,Outro,2025-10-12,Lanche,acucar,biscoito,39,156
Goias,22,Outro,2025-09-27,Almoco,Proteina,peixe,3,12
Amapa,28,Outro,2025-10-18,Jantar,acucar,refrigerante,53,212
Sergipe,45,M,2025-10-02,Lanche,fibra,aveia,87,174
Distrito Federal,70,M,2025-10-16,Cafe da manha,acucar,refrigerante,19,76
Sao Paulo,72,F,2025-12-22,Almoco,Carboidrato,macarrao,17,68
Bahia,41,M,2025-10-18,Cafe da manha,fibra,linhaca,54,108
Sao Paulo,56,M,2025-11-13,Lanche,Carboidrato,batata,38,152
Para,44,Outro,2026-01-06,Jantar,Carboidrato,arroz,43,172
Acre,26,M,2026-01-28,Lanche,Proteina,carne_bovina,16,64
Amapa,22,M,2025-10-11,Almoco,Carboidrato,pao,44,176
Alagoas,21,M,2025-11-13,Almoco,Carboidrato,batata,58,232
Minas Gerais,46,F,2025-10-03,Cafe da manha,fibra,couve,74,148
Piaui,48,M,2025-11-09,Jantar,Carboidrato,arroz,62,248
Acre,69,M,2025-12-24,Almoco,acucar,chocolate,96,384
Sergipe,63,F,2025-11-11,Jantar,Proteina,lentilha,20,80
Piaui,64,F,2025-11-23,Cafe da manha,Proteina,lentilha,95,380
Amazonas,46,M,2025-10-13,Jantar,fibra,linhaca,27,54
Maranhao,69,M,2025-10-16,Lanche,Gordura,manteiga,11,99
Alagoas,26,Outro,2025-12-18,Cafe da manha,Proteina,peixe,19,76
Piaui,41,F,2026-02-16,Lanche,Proteina,feijao,91,364
Rio de Janeiro,54,M,2025-12-27,Almoco,Proteina,lentilha,25,100
Espirito Santo,48,M,2026-01-24,Lanche,acucar,biscoito,8,32
Sao Paulo,25,F,2026-02-02,Cafe da manha,fibra,chia,97,194
Santa Catarina,22,Outro,2025-10-13,Almoco,Gordura,queijo,57,513
Minas Gerais,23,M,2025-10-12,Lanche,Gordura,manteiga,42,378
Mato Grosso do Sul,31,F,2025-12-27,Jantar,acucar,bolo,29,116
Acre,23,M,2026-02-22,Lanche,Proteina,feijao,44,176
Amazonas,22,Outro,2025-10-02,Jantar,Carboidrato,arroz,80,320
Rondonia,70,M,2025-10-05,Almoco,Proteina,carne_bovina,68,272
Santa Catarina,41,M,2025-10-27,Almoco,Proteina,peixe,31,124
Sergipe,18,M,2025-11-03,Jantar,Gordura,queijo,43,387
Goias,27,F,2025-11-12,Jantar,Carboidrato,mandioca,19,76
Para,38,F,2026-01-28,Cafe da manha,Proteina,feijao,30,120
Mato Grosso,56,Outro,2025-11-23,Almoco,Gordura,queijo,12,108
Alagoas,66,F,2026-01-30,Cafe da manha,acucar,refrigerante,48,192
Rio Grande do Norte,65,M,2026-01-04,Almoco,Proteina,carne_bovina,82,328
Espirito Santo,25,Outro,2026-01-03,Lanche,Proteina,carne_bovina,91,364
Piaui,75,M,2026-02-21,Cafe da manha,Carboidrato,cuscuz,93,372
Amazonas,47,Outro,2026-02-12,Jantar,Gordura,azeite,41,369
Goias,53,F,2026-02-04,Jantar,acucar,sorvete,97,388
Tocantins,34,Outro,2025-11-01,Almoco,Gordura,abacate,44,396
Piaui,32,F,2026-02-24,Jantar,Proteina,ovos,84,336
Rondonia,42,M,2026-02-16,Almoco,Proteina,peixe,46,184
Espirito Santo,76,M,2025-12-16,Almoco,Carboidrato,cuscuz,83,332
Sao Paulo,73,Outro,2026-02-23,Almoco,Proteina,frango,100,400
Acre,39,M,2025-11-23,Cafe da manha,Proteina,feijao,59,236
Distrito Federal,21,Outro,2025-12-10,Almoco,Gordura,azeite,92,828
Santa Catarina,67,Outro,2025-10-01,Cafe da manha,acucar,refrigerante,31,124
Minas Gerais,18,Outro,2026-01-05,Jantar,Carboidrato,mandioca,0,0
Distrito Federal,40,M,2026-02-28,Almoco,Gordura,abacate,4,36
Maranhao,30,M,2026-01-16,Cafe da manha,acucar,sorvete,60,240
Mato Grosso,69,M,2026-02-09,Almoco,acucar,chocolate,94,376
Rio de Janeiro,42,M,2025-10-10,Almoco,Proteina,lentilha,35,140
Distrito Federal,31,M,2025-11-22,Almoco,Gordura,abacate,88,792
Sao Paulo,44,Outro,2025-10-06,Almoco,Carboidrato,macarrao,25,100
Sergipe,41,M,2025-10-09,Jantar,acucar,biscoito,76,304
Rio Grande do Norte,55,Outro,2025-11-25,Jantar,fibra,aveia,100,200
Alagoas,40,F,2025-12-25,Jantar,Carboidrato,pao,60,240
Rio Grande do Norte,34,Outro,2025-12-16,Jantar,Proteina,frango,99,396
Sergipe,28,M,2025-11-23,Lanche,fibra,linhaca,71,142
Piaui,57,Outro,2025-12-23,Jantar,Gordura,manteiga,64,576
Espirito Santo,70,F,2026-03-04,Lanche,fibra,chia,45,90
Minas Gerais,26,Outro,2026-02-07,Almoco,Proteina,ovos,37,148
Rio de Janeiro,48,Outro,2025-09-23,Almoco,Carboidrato,mandioca,59,236
Rio Grande do Norte,21,Outro,2025-09-28,Cafe da manha,Carboidrato,arroz,50,200
Rio de Janeiro,28,M,2026-02-24,Almoco,Gordura,manteiga,71,639
Rio Grande do Sul,62,M,2025-09-20,Almoco,fibra,chia,40,80
Bahia,22,M,2025-10-28,Cafe da manha,Gordura,manteiga,47,423
Amapa,39,F,2025-09-18,Almoco,fibra,brocolis,33,66
Pernambuco,48,Outro,2025-10-01,Almoco,Gordura,castanhas,31,279
Sao Paulo,70,Outro,2025-12-20,Jantar,acucar,bolo,71,284
Piaui,48,M,2025-10-26,Cafe da manha,Proteina,feijao,88,352
Minas Gerais,43,Outro,2025-11-26,Almoco,Proteina,feijao,51,204
Sergipe,42,M,2025-11-01,Jantar,Proteina,frango,63,252
Santa Catarina,37,Outro,2025-11-02,Jantar,Carboidrato,arroz,38,152
Amapa,74,M,2025-12-05,Cafe da manha,Proteina,carne_bovina,9,36
Para,31,F,2025-10-27,Jantar,Proteina,feijao,2,8
Minas Gerais,72,F,2025-12-22,Cafe da manha,fibra,chia,51,102
Santa Catarina,57,M,2025-12-01,Jantar,Carboidrato,batata,41,164
Ceara,35,M,2025-11-06,Jantar,fibra,chia,87,174
Alagoas,26,Outro,2025-12-27,Lanche,acucar,chocolate,7,28
Espirito Santo,25,Outro,2026-02-13,Lanche,Carboidrato,batata,2,8
Santa Catarina,54,M,2025-10-05,Lanche,fibra,brocolis,55,110
Bahia,38,Outro,2026-02-05,Lanche,fibra,aveia,60,120
Rio Grande do Sul,46,F,2026-02-15,Lanche,Carboidrato,macarrao,32,128
Santa Catarina,34,Outro,2025-12-01,Jantar,fibra,brocolis,44,88
Rio Grande do Norte,65,M,2025-12-31,Cafe da manha,Gordura,castanhas,77,693
Amazonas,63,F,2026-01-06,Almoco,fibra,brocolis,34,68
Espirito Santo,37,M,2026-02-12,Almoco,fibra,couve,76,152
Distrito Federal,40,F,2026-02-28,Lanche,Carboidrato,batata,69,276
Roraima,48,M,2025-11-12,Almoco,Carboidrato,batata,92,368
Espirito Santo,63,Outro,2026-01-08,Jantar,Gordura,azeite,15,135
Ceara,53,M,2025-12-26,Cafe da manha,Proteina,ovos,35,140
Tocantins,19,F,2025-12-08,Almoco,Proteina,lentilha,61,244
Santa Catarina,63,M,2025-12-21,Almoco,Proteina,peixe,85,340
Rio de Janeiro,73,M,2026-03-13,Lanche,Gordura,abacate,19,171
Sergipe,23,F,2025-10-17,Almoco,Proteina,peixe,99,396
Rio Grande do Norte,22,F,2025-10-16,Almoco,acucar,biscoito,9,36
Roraima,44,Outro,2025-10-28,Jantar,fibra,brocolis,21,42
Bahia,47,M,2026-01-30,Lanche,Proteina,feijao,58,232
Goias,25,F,2026-02-11,Jantar,acucar,refrigerante,27,108
Rio Grande do Sul,49,Outro,2026-02-06,Jantar,Proteina,ovos,41,164
Bahia,57,F,2025-09-26,Jantar,Gordura,castanhas,20,180
Rio Grande do Sul,33,Outro,2026-02-26,Jantar,fibra,linhaca,42,84
Acre,57,M,2025-10-17,Jantar,Gordura,castanhas,75,675
Sao Paulo,20,F,2025-10-11,Lanche,acucar,sorvete,5,20
Distrito Federal,78,M,2026-01-17,Almoco,acucar,bolo,85,340
Acre,31,F,2025-10-08,Cafe da manha,fibra,linhaca,19,38
Distrito Federal,41,F,2026-02-10,Almoco,Gordura,castanhas,83,747
Tocantins,74,F,2025-12-15,Almoco,Carboidrato,batata,69,276
Pernambuco,44,M,2025-11-21,Jantar,Gordura,abacate,85,765
Amapa,73,Outro,2025-11-05,Almoco,fibra,couve,87,174
Tocantins,61,F,2025-11-22,Jantar,acucar,biscoito,71,284
Parana,48,Outro,2026-02-26,Almoco,Carboidrato,batata,57,228
Para,19,M,2026-02-08,Cafe da manha,Proteina,feijao,33,132
Goias,28,M,2025-11-07,Almoco,Proteina,lentilha,63,252
Tocantins,44,Outro,2025-12-16,Jantar,Gordura,abacate,37,333
Rondonia,73,Outro,2026-02-27,Almoco,Gordura,castanhas,38,342
Espirito Santo,54,Outro,2026-01-11,Jantar,Carboidrato,pao,100,400
Piaui,42,F,2026-03-11,Almoco,Proteina,frango,55,220
Para,19,M,2026-01-28,Almoco,Gordura,azeite,5,45
Paraiba,50,Outro,2025-12-24,Lanche,Gordura,azeite,36,324
Maranhao,52,F,2025-11-21,Almoco,Proteina,ovos,43,172
Paraiba,31,Outro,2025-11-28,Cafe da manha,Proteina,peixe,93,372
Goias,49,M,2025-11-02,Almoco,fibra,linhaca,35,70
Tocantins,71,F,2026-03-08,Cafe da manha,fibra,linhaca,95,190
Rio Grande do Sul,50,F,2025-11-23,Lanche,Proteina,ovos,9,36
Pernambuco,42,M,2025-10-17,Cafe da manha,Gordura,castanhas,62,558
Santa Catarina,64,F,2026-02-03,Almoco,acucar,refrigerante,58,232
Acre,41,Outro,2025-12-09,Cafe da manha,Proteina,lentilha,25,100
Pernambuco,51,M,2025-12-27,Lanche,fibra,couve,71,142
Sao Paulo,36,Outro,2025-11-21,Cafe da manha,fibra,aveia,84,168
Amapa,41,M,2026-02-16,Cafe da manha,acucar,refrigerante,75,300
Santa Catarina,80,M,2025-12-25,Jantar,fibra,couve,84,168
Tocantins,73,M,2025-12-25,Jantar,Gordura,queijo,81,729
Espirito Santo,79,F,2026-02-28,Jantar,Proteina,ovos,30,120
Roraima,54,F,2025-11-16,Almoco,Proteina,ovos,51,204
Amazonas,75,Outro,2025-12-10,Lanche,acucar,biscoito,31,124
Bahia,76,Outro,2025-12-13,Almoco,Proteina,frango,49,196
Alagoas,70,Outro,2026-03-02,Jantar,Proteina,frango,2,8
Rio Grande do Norte,45,Outro,2025-10-29,Lanche,Carboidrato,batata,58,232
Santa Catarina,56,Outro,2025-11-04,Almoco,Carboidrato,macarrao,16,64
Tocantins,65,M,2026-03-10,Jantar,Proteina,frango,69,276
Ceara,41,Outro,2025-10-25,Lanche,Gordura,castanhas,99,891
Maranhao,30,Outro,2026-03-01,Lanche,fibra,aveia,87,174
Para,79,Outro,2026-01-17,Almoco,fibra,couve,18,36
Sergipe,19,M,2025-12-27,Jantar,acucar,biscoito,35,140
Acre,25,M,2025-11-03,Lanche,fibra,brocolis,100,200
Rio Grande do Norte,61,Outro,2026-01-05,Lanche,Gordura,abacate,43,387
Paraiba,59,Outro,2026-01-21,Almoco,fibra,brocolis,5,10
Para,18,M,2025-12-19,Lanche,Gordura,queijo,40,360
Sergipe,57,F,2026-01-16,Lanche,acucar,biscoito,57,228
Paraiba,65,Outro,2025-11-29,Almoco,Proteina,feijao,30,120
Ceara,67,Outro,2026-02-20,Almoco,Proteina,ovos,97,388
Alagoas,23,F,2025-11-03,Lanche,Carboidrato,arroz,32,128
Rio Grande do Sul,24,F,2025-10-14,Lanche,Carboidrato,cuscuz,31,124
Parana,63,F,2025-10-25,Jantar,acucar,bolo,66,264
Maranhao,73,F,2025-12-15,Jantar,fibra,linhaca,51,102
Rio Grande do Sul,80,Outro,2025-09-18,Jantar,Carboidrato,pao,44,176
Distrito Federal,69,Outro,2026-01-01,Lanche,Gordura,azeite,85,765
Alagoas,73,F,2025-11-07,Almoco,Proteina,carne_bovina,6,24
Rondonia,46,F,2026-03-05,Cafe da manha,acucar,biscoito,24,96
Tocantins,49,F,2025-12-01,Lanche,Proteina,frango,84,336
Piaui,48,F,2026-03-12,Cafe da manha,Carboidrato,mandioca,36,144
Espirito Santo,55,Outro,2026-01-23,Almoco,fibra,linhaca,0,0
Para,20,F,2026-01-07,Jantar,acucar,biscoito,60,240
Sergipe,61,M,2025-10-21,Almoco,Gordura,castanhas,56,504
Ceara,28,F,2025-11-19,Almoco,fibra,couve,25,50
Sao Paulo,31,M,2025-12-09,Lanche,Proteina,peixe,85,340
Amazonas,32,F,2026-01-05,Cafe da manha,acucar,sorvete,14,56
Distrito Federal,66,M,2025-12-04,Almoco,Proteina,lentilha,67,268
Piaui,24,F,2025-10-04,Almoco,Gordura,castanhas,13,117
Para,51,F,2026-02-07,Cafe da manha,acucar,refrigerante,19,76
Maranhao,59,F,2025-09-27,Jantar,Gordura,azeite,39,351
Tocantins,27,Outro,2025-09-29,Almoco,fibra,brocolis,82,164
Distrito Federal,62,F,2025-12-30,Almoco,Gordura,manteiga,45,405
Rio de Janeiro,71,M,2026-01-25,Lanche,fibra,aveia,63,126
Acre,37,F,2026-01-30,Lanche,acucar,chocolate,54,216
Roraima,75,Outro,2025-10-30,Almoco,acucar,sorvete,41,164
Sao Paulo,26,Outro,2026-01-11,Lanche,acucar,biscoito,79,316
Sao Paulo,75,M,2025-11-06,Lanche,fibra,brocolis,0,0
Para,66,F,2025-12-20,Almoco,Proteina,feijao,84,336
Rio Grande do Sul,55,M,2025-10-22,Lanche,fibra,couve,49,98
Para,43,Outro,2025-11-29,Lanche,Proteina,carne_bovina,1,4
Parana,53,Outro,2025-10-27,Almoco,Carboidrato,macarrao,4,16
Rondonia,80,F,2025-10-21,Jantar,Gordura,queijo,29,261
Alagoas,57,F,2025-12-15,Cafe da manha,fibra,chia,25,50
Amapa,18,M,2026-02-06,Almoco,fibra,brocolis,18,36
Para,57,Outro,2025-10-29,Lanche,fibra,chia,55,110
Rio Grande do Norte,29,M,2026-01-15,Cafe da manha,Gordura,manteiga,1,9
Sao Paulo,29,F,2025-11-03,Lanche,Proteina,ovos,22,88
Minas Gerais,28,F,2026-02-08,Almoco,fibra,chia,65,130
Sao Paulo,65,F,2026-01-06,Cafe da manha,Carboidrato,mandioca,62,248
Mato Grosso,38,F,2025-10-14,Almoco,Proteina,ovos,77,308
Tocantins,64,Outro,2025-11-05,Lanche,Carboidrato,mandioca,74,296
Para,44,Outro,2026-01-11,Lanche,Carboidrato,pao,16,64
Amapa,41,M,2025-10-11,Jantar,acucar,refrigerante,52,208
Santa Catarina,41,Outro,2026-01-25,Cafe da manha,acucar,chocolate,59,236
Espirito Santo,26,F,2025-11-12,Cafe da manha,Gordura,queijo,8,72
Sergipe,37,F,2026-02-28,Almoco,Gordura,abacate,55,495
Sergipe,63,M,2025-11-18,Cafe da manha,fibra,aveia,88,176
Bahia,51,M,2025-11-18,Jantar,acucar,biscoito,66,264
Roraima,30,Outro,2026-03-03,Jantar,Proteina,ovos,2,8
Bahia,80,M,2025-09-26,Cafe da manha,fibra,linhaca,66,132
Espirito Santo,19,F,2025-11-15,Cafe da manha,acucar,chocolate,59,236
Sergipe,47,F,2026-01-22,Jantar,Gordura,abacate,19,171
Distrito Federal,57,F,2026-01-10,Lanche,Proteina,frango,19,76
Rio de Janeiro,40,Outro,2026-01-08,Cafe da manha,Gordura,azeite,16,144
Goias,21,Outro,2025-11-07,Lanche,Proteina,lentilha,12,48
Goias,29,F,2025-11-07,Almoco,Gordura,abacate,83,747
Bahia,79,F,2026-01-14,Cafe da manha,Carboidrato,pao,10,40
Rondonia,66,M,2025-11-08,Almoco,Gordura,castanhas,91,819
Mato Grosso,48,Outro,2026-02-09,Jantar,fibra,aveia,43,86
Para,31,M,2026-02-12,Cafe da manha,Proteina,feijao,44,176
Parana,72,F,2025-09-20,Almoco,fibra,brocolis,61,122
Rondonia,54,F,2026-01-11,Lanche,Gordura,abacate,72,648
Pernambuco,39,Outro,2025-12-08,Almoco,acucar,refrigerante,0,0
Mato Grosso,59,Outro,2025-09-22,Almoco,Proteina,feijao,94,376
Paraiba,66,M,2025-10-30,Cafe da manha,acucar,refrigerante,21,84
Acre,22,M,2026-01-02,Lanche,acucar,chocolate,87,348
Rio de Janeiro,80,Outro,2025-12-24,Lanche,fibra,aveia,37,74
Maranhao,71,F,2025-11-08,Almoco,Gordura,azeite,42,378
Rondonia,58,F,2025-10-24,Almoco,Carboidrato,mandioca,58,232
Amazonas,27,M,2026-01-04,Almoco,acucar,sorvete,31,124
Mato Grosso,56,Outro,2025-11-23,Lanche,Proteina,peixe,65,260
Pernambuco,75,M,2025-09-28,Almoco,fibra,brocolis,21,42
Pernambuco,27,F,2025-12-13,Lanche,fibra,brocolis,0,0
Distrito Federal,33,Outro,2026-01-16,Cafe da manha,acucar,refrigerante,7,28
Goias,40,Outro,2026-01-12,Lanche,Gordura,azeite,95,855
Sergipe,59,Outro,2025-11-08,Lanche,Carboidrato,arroz,13,52
Santa Catarina,52,Outro,2025-10-24,Jantar,acucar,bolo,27,108
Rio de Janeiro,76,M,2026-02-22,Almoco,fibra,chia,11,22
Goias,64,F,2025-12-02,Almoco,acucar,refrigerante,59,236
Goias,18,Outro,2026-02-20,Almoco,Carboidrato,pao,78,312
Goias,34,M,2026-03-09,Cafe da manha,fibra,brocolis,16,32
Distrito Federal,42,Outro,2025-11-13,Cafe da manha,Gordura,abacate,70,630
Rondonia,62,M,2025-11-21,Lanche,Proteina,feijao,16,64
Pernambuco,24,Outro,2026-01-02,Jantar,Gordura,manteiga,71,639
Acre,79,F,2025-10-30,Almoco,acucar,biscoito,87,348
Rondonia,28,Outro,2025-09-28,Almoco,Gordura,castanhas,84,756
Rio Grande do Norte,73,F,2025-10-18,Jantar,Proteina,carne_bovina,9,36
Tocantins,51,F,2025-11-03,Jantar,Gordura,manteiga,26,234
Mato Grosso,33,F,2026-01-11,Jantar,Proteina,ovos,40,160
Distrito Federal,49,F,2026-01-23,Jantar,acucar,refrigerante,52,208
Goias,26,F,2026-02-27,Jantar,Carboidrato,mandioca,22,88
Minas Gerais,49,Outro,2025-11-12,Lanche,Proteina,feijao,22,88
Roraima,42,M,2026-03-05,Lanche,acucar,sorvete,5,20
Ceara,77,M,2026-03-05,Cafe da manha,Proteina,feijao,85,340
Minas Gerais,36,Outro,2025-11-21,Almoco,Gordura,abacate,6,54
Acre,61,Outro,2026-03-09,Jantar,acucar,sorvete,86,344
Rio de Janeiro,68,F,2026-01-16,Cafe da manha,fibra,brocolis,15,30
Parana,73,Outro,2026-01-03,Almoco,Gordura,manteiga,83,747
Ceara,34,F,2025-12-10,Cafe da manha,acucar,chocolate,57,228
Distrito Federal,50,F,2026-02-06,Jantar,Gordura,castanhas,90,810
Rondonia,27,F,2025-11-25,Jantar,Carboidrato,pao,82,328
Maranhao,34,M,2026-01-25,Jantar,Carboidrato,cuscuz,13,52
Rondonia,24,Outro,2026-02-07,Cafe da manha,Carboidrato,arroz,57,228
Ceara,34,F,2025-09-16,Jantar,acucar,refrigerante,72,288
Minas Gerais,42,M,2025-12-14,Almoco,Gordura,azeite,27,243
Pernambuco,25,M,2026-02-14,Cafe da manha,acucar,refrigerante,26,104
Acre,59,F,2025-09-26,Cafe da manha,Proteina,peixe,37,148
Santa Catarina,36,M,2026-02-04,Almoco,fibra,brocolis,22,44
Ceara,57,M,2025-11-08,Lanche,Carboidrato,arroz,83,332
Roraima,77,M,2026-03-10,Almoco,Gordura,azeite,54,486
Mato Grosso do Sul,69,F,2026-02-16,Almoco,acucar,sorvete,73,292
Espirito Santo,60,Outro,2026-01-06,Lanche,Proteina,lentilha,14,56
Bahia,20,M,2025-11-23,Almoco,acucar,refrigerante,91,364
Maranhao,25,F,2026-02-20,Lanche,acucar,sorvete,42,168
Parana,34,M,2025-10-07,Cafe da manha,acucar,chocolate,17,68
Rondonia,30,M,2026-02-05,Cafe da manha,Gordura,azeite,80,720
Sergipe,60,Outro,2026-02-10,Cafe da manha,Proteina,frango,82,328
Piaui,25,M,2026-01-09,Almoco,fibra,brocolis,36,72
Rio de Janeiro,68,M,2026-03-11,Jantar,acucar,sorvete,2,8
Para,42,M,2026-02-25,Jantar,Gordura,azeite,43,387
Distrito Federal,23,F,2026-02-18,Almoco,acucar,bolo,26,104
Sao Paulo,25,M,2026-01-29,Lanche,Carboidrato,arroz,92,368
Amazonas,30,M,2026-02-05,Cafe da manha,acucar,biscoito,97,388
Roraima,60,M,2025-11-09,Jantar,acucar,chocolate,63,252
Acre,23,M,2025-12-22,Cafe da manha,acucar,refrigerante,91,364
Para,60,F,2026-02-26,Jantar,Carboidrato,mandioca,20,80
Roraima,53,F,2025-12-10,Almoco,Gordura,manteiga,16,144
Acre,28,M,2025-10-21,Almoco,acucar,refrigerante,27,108
Rio de Janeiro,26,Outro,2025-12-28,Jantar,Proteina,feijao,65,260
Roraima,74,M,2026-01-09,Jantar,fibra,linhaca,28,56
Rondonia,36,F,2025-12-15,Almoco,Gordura,abacate,37,333
Rio de Janeiro,38,F,2025-12-19,Almoco,Carboidrato,mandioca,17,68
Pernambuco,68,F,2026-02-27,Almoco,acucar,refrigerante,98,392
Acre,24,F,2025-10-03,Lanche,fibra,linhaca,19,38
Rio de Janeiro,79,Outro,2026-02-24,Lanche,acucar,sorvete,26,104
Bahia,75,M,2025-10-01,Cafe da manha,Carboidrato,arroz,92,368
Ceara,74,M,2025-10-14,Lanche,Proteina,feijao,66,264
Parana,38,M,2025-12-24,Jantar,fibra,linhaca,29,58
Pernambuco,19,F,2025-11-19,Lanche,Proteina,ovos,6,24
Acre,54,Outro,2026-02-26,Lanche,acucar,chocolate,34,136
Rio de Janeiro,34,F,2025-09-22,Lanche,Gordura,azeite,49,441
Rio de Janeiro,50,Outro,2025-12-18,Jantar,Carboidrato,cuscuz,97,388
Para,56,F,2026-01-25,Jantar,Proteina,feijao,88,352
Santa Catarina,28,Outro,2026-02-06,Almoco,Gordura,manteiga,55,495
Mato Grosso do Sul,71,Outro,2025-10-04,Jantar,Carboidrato,cuscuz,100,400
Distrito Federal,49,M,2026-02-21,Almoco,Gordura,queijo,77,693
Espirito Santo,39,M,2025-12-16,Cafe da manha,acucar,bolo,74,296
Espirito Santo,53,F,2025-11-03,Cafe da manha,fibra,couve,0,0
Santa Catarina,25,M,2025-10-26,Jantar,Gordura,manteiga,14,126
Mato Grosso do Sul,46,M,2025-10-13,Jantar,Gordura,manteiga,78,702
Sergipe,26,Outro,2025-12-21,Jantar,Proteina,peixe,95,380
Rio de Janeiro,37,F,2026-03-09,Lanche,Proteina,lentilha,79,316
Rio Grande do Sul,52,Outro,2025-11-21,Lanche,acucar,bolo,60,240
Alagoas,48,Outro,2025-10-27,Almoco,Carboidrato,batata,80,320
Sao Paulo,70,F,2026-02-15,Jantar,Carboidrato,cuscuz,16,64
Mato Grosso do Sul,45,Outro,2025-10-14,Cafe da manha,Carboidrato,arroz,53,212
Amazonas,52,Outro,2025-10-03,Jantar,Carboidrato,arroz,41,164
Acre,31,F,2025-11-26,Cafe da manha,fibra,brocolis,69,138
Pernambuco,45,F,2025-10-20,Lanche,fibra,chia,7,14
Parana,38,Outro,2026-02-17,Almoco,acucar,bolo,85,340
Amazonas,51,F,2025-10-11,Lanche,Proteina,feijao,75,300
Sergipe,80,F,2025-10-04,Almoco,Gordura,queijo,81,729
Mato Grosso,28,F,2026-01-10,Lanche,Carboidrato,macarrao,48,192
Acre,64,Outro,2025-10-01,Lanche,Proteina,feijao,41,164
Espirito Santo,37,F,2026-02-05,Jantar,Gordura,queijo,87,783
Amapa,31,F,2026-03-04,Lanche,Carboidrato,arroz,35,140
Goias,66,Outro,2025-09-23,Almoco,Gordura,abacate,97,873
Amazonas,31,Outro,2026-01-05,Lanche,acucar,biscoito,6,24
Acre,41,F,2026-01-25,Cafe da manha,acucar,biscoito,15,60
Rio de Janeiro,18,Outro,2026-02-20,Jantar,Proteina,ovos,28,112
Rio Grande do Norte,66,F,2026-02-04,Jantar,Proteina,lentilha,87,348
Espirito Santo,40,F,2026-01-15,Almoco,Gordura,azeite,7,63
Tocantins,52,Outro,2026-01-31,Jantar,Carboidrato,arroz,84,336
Piaui,25,M,2025-10-03,Lanche,fibra,couve,68,136
Santa Catarina,27,F,2026-02-21,Cafe da manha,Proteina,carne_bovina,0,0
Maranhao,50,F,2025-10-21,Cafe da manha,Gordura,queijo,15,135
Maranhao,73,Outro,2025-12-20,Cafe da manha,fibra,brocolis,74,148
Amazonas,46,M,2025-12-25,Jantar,Gordura,abacate,36,324
Roraima,45,M,2025-11-10,Cafe da manha,Gordura,queijo,97,873
Sergipe,18,M,2025-11-28,Jantar,Gordura,azeite,20,180
Espirito Santo,45,Outro,2025-09-22,Almoco,fibra,aveia,47,94
Roraima,36,F,2026-01-28,Cafe da manha,fibra,chia,83,166
Sao Paulo,80,M,2025-12-02,Jantar,fibra,chia,53,106
Ceara,68,M,2026-03-13,Almoco,Proteina,carne_bovina,21,84
Rio Grande do Norte,26,M,2026-03-09,Lanche,fibra,chia,90,180
Amazonas,64,Outro,2025-10-17,Almoco,Gordura,manteiga,37,333
Santa Catarina,25,F,2025-11-06,Almoco,fibra,brocolis,97,194
Amazonas,43,M,2025-10-29,Cafe da manha,Gordura,castanhas,64,576
Parana,70,F,2025-11-30,Almoco,acucar,biscoito,64,256
Acre,52,M,2026-01-09,Jantar,fibra,brocolis,48,96
Rio Grande do Norte,27,Outro,2026-01-11,Almoco,fibra,aveia,63,126
Sergipe,36,M,2026-01-30,Lanche,Proteina,frango,47,188
Pernambuco,56,F,2025-09-28,Jantar,Carboidrato,mandioca,44,176
Distrito Federal,21,F,2025-10-10,Almoco,Carboidrato,arroz,97,388
